LEAD HOUR,MEAN ERROR All data
4,1.070883,1.134508,1.447275,1.011983,0.670133
5,1.406833,1.580183,1.936350,1.534900
