LEAD HOUR,MEAN ERROR All data,MEAN ERROR > 0.0,SAMPLE SIZE All data,SAMPLE SIZE > 0.0,BRIER SCORE MAIN > 0.0
6,0.009768,-0.684256,365.000000,58.000000,0.110267
12,-0.115265,-0.629583,365.000000,106.000000,0.208997
18,0.009897,-0.696380,365.000000,80.000000,0.143618
24,-0.049342,-2.415025,365.000000,42.000000,0.067578
30,0.014099,-0.719934,365.000000,57.000000,0.113777
36,-0.094057,-0.632923,365.000000,105.000000,0.212055
42,0.025416,-0.736831,365.000000,80.000000,0.143234
48,-0.003503,-2.600645,365.000000,42.000000,0.086067
