LEAD TIME,MEAN ERROR All data,MEAN ERROR >= 0.31149 [Pr = 0.1],MEAN ERROR >= 0.87782 [Pr = 0.25],MEAN ERROR >= 8.83486 [Pr = 0.5],MEAN ERROR >= 50.19161 [Pr = 0.75],MEAN ERROR >= 103.99362 [Pr = 0.9],MEAN ERROR >= 156.87533 [Pr = 0.95],SAMPLE SIZE All data,SAMPLE SIZE >= 0.31149 [Pr = 0.1],SAMPLE SIZE >= 0.87782 [Pr = 0.25],SAMPLE SIZE >= 8.83486 [Pr = 0.5],SAMPLE SIZE >= 50.19161 [Pr = 0.75],SAMPLE SIZE >= 103.99362 [Pr = 0.9],SAMPLE SIZE >= 156.87533 [Pr = 0.95]
0,0.579325,0.642764,0.754285,-0.369129,-7.160397,-19.839391,-32.889775,74587.000000,67983.000000,57123.000000,38068.000000,17814.000000,6874.000000,3723.000000
