LEAD HOUR,MEAN ERROR All data,SAMPLE SIZE All data
1,991.095698,3.000000
2,1.346522,3.000000
3,9.930680,3.000000
4,18.514838,3.000000
5,27.098995,3.000000
6,35.683153,3.000000
