LEAD TIME,MEAN ERROR All data,MEAN ERROR >= 14.44159 [Pr = 0.4],MEAN ERROR >= 17.69803 [Pr = 0.5],MEAN ERROR >= 20.95447 [Pr = 0.6],SAMPLE SIZE All data,SAMPLE SIZE >= 14.44159 [Pr = 0.4],SAMPLE SIZE >= 17.69803 [Pr = 0.5],SAMPLE SIZE >= 20.95447 [Pr = 0.6],BRIER SCORE MAIN >= 14.44159 [Pr = 0.4],BRIER SCORE MAIN >= 17.69803 [Pr = 0.5],BRIER SCORE MAIN >= 20.95447 [Pr = 0.6]
1,-7.904302,-7.904302,-7.904302,-7.445556,3.000000,3.000000,3.000000,2.000000,0.666667,1.000000,0.666667
2,0.679856,0.679856,0.679856,0.679856,3.000000,3.000000,3.000000,3.000000,0.000000,0.000000,0.037037
3,9.264013,9.264013,9.264013,9.264013,3.000000,3.000000,3.000000,3.000000,0.000000,0.000000,0.000000
4,17.848171,17.848171,17.848171,17.848171,3.000000,3.000000,3.000000,3.000000,0.000000,0.000000,0.000000
5,26.432329,26.432329,26.432329,26.432329,3.000000,3.000000,3.000000,3.000000,0.000000,0.000000,0.000000
6,35.016486,35.016486,35.016486,35.016486,3.000000,3.000000,3.000000,3.000000,0.000000,0.000000,0.000000
