LEAD HOUR,MEAN ERROR All data,MEAN ERROR >= 15.00793 [Pr = 0.4],MEAN ERROR >= 18.40595 [Pr = 0.5],MEAN ERROR >= 21.80397 [Pr = 0.6],SAMPLE SIZE All data,SAMPLE SIZE >= 15.00793 [Pr = 0.4],SAMPLE SIZE >= 18.40595 [Pr = 0.5],SAMPLE SIZE >= 21.80397 [Pr = 0.6],BRIER SCORE MAIN >= 15.00793 [Pr = 0.4],BRIER SCORE MAIN >= 18.40595 [Pr = 0.5],BRIER SCORE MAIN >= 21.80397 [Pr = 0.6]
1,-7.237635,-7.237635,-7.237635,NA,3.000000,3.000000,3.000000,NA,0.666667,1.000000,0.333333
2,1.346522,1.346522,1.346522,2.138601,3.000000,3.000000,3.000000,2.000000,0.000000,0.000000,0.037037
3,9.930680,9.930680,9.930680,9.930680,3.000000,3.000000,3.000000,3.000000,0.000000,0.000000,0.000000
4,18.514838,18.514838,18.514838,18.514838,3.000000,3.000000,3.000000,3.000000,0.000000,0.000000,0.000000
5,27.098995,27.098995,27.098995,27.098995,3.000000,3.000000,3.000000,3.000000,0.000000,0.000000,0.000000
6,35.683153,35.683153,35.683153,35.683153,3.000000,3.000000,3.000000,3.000000,0.000000,0.000000,0.000000
