LEAD TIME,MEAN ERROR All data,MEAN ERROR >= 14.44159 [Pr = 0.4],MEAN ERROR >= 17.69803 [Pr = 0.5],MEAN ERROR >= 20.95447 [Pr = 0.6],SAMPLE SIZE All data,SAMPLE SIZE >= 14.44159 [Pr = 0.4],SAMPLE SIZE >= 17.69803 [Pr = 0.5],SAMPLE SIZE >= 20.95447 [Pr = 0.6],BRIER SCORE MAIN >= 14.44159 [Pr = 0.4],BRIER SCORE MAIN >= 17.69803 [Pr = 0.5],BRIER SCORE MAIN >= 20.95447 [Pr = 0.6]
1,-7.237635,-7.237635,-7.237635,-6.445556,3.000000,3.000000,3.000000,2.000000,0.481481,0.814815,0.666667
2,1.346522,1.346522,1.346522,1.346522,3.000000,3.000000,3.000000,3.000000,0.000000,0.000000,0.037037
3,9.930680,9.930680,9.930680,9.930680,3.000000,3.000000,3.000000,3.000000,0.000000,0.000000,0.000000
4,18.514838,18.514838,18.514838,18.514838,3.000000,3.000000,3.000000,3.000000,0.000000,0.000000,0.000000
5,27.098995,27.098995,27.098995,27.098995,3.000000,3.000000,3.000000,3.000000,0.000000,0.000000,0.000000
6,35.683153,35.683153,35.683153,35.683153,3.000000,3.000000,3.000000,3.000000,0.000000,0.000000,0.000000
