LEAD TIME,MEAN ERROR All data,MEAN ERROR >= 0.14442 [Pr = 0.1],MEAN ERROR >= 0.56634 [Pr = 0.25],MEAN ERROR >= 2.84018 [Pr = 0.5],MEAN ERROR >= 9.31907 [Pr = 0.75],MEAN ERROR >= 26.83021 [Pr = 0.9],MEAN ERROR >= 51.79873 [Pr = 0.95],SAMPLE SIZE All data,SAMPLE SIZE >= 0.14442 [Pr = 0.1],SAMPLE SIZE >= 0.56634 [Pr = 0.25],SAMPLE SIZE >= 2.84018 [Pr = 0.5],SAMPLE SIZE >= 9.31907 [Pr = 0.75],SAMPLE SIZE >= 26.83021 [Pr = 0.9],SAMPLE SIZE >= 51.79873 [Pr = 0.95]
6,-4.246200,-5.033202,-6.059249,-7.690524,-21.257874,-136.899525,-215.273236,645.000000,545.000000,456.000000,371.000000,200.000000,79.000000,52.000000
12,-3.204236,-3.817012,-4.563073,-5.865428,-17.766998,-115.789697,-192.580591,645.000000,543.000000,458.000000,371.000000,194.000000,82.000000,50.000000
18,4.314647,5.115669,6.057266,7.165266,4.633761,-68.843270,-131.112429,645.000000,543.000000,455.000000,374.000000,197.000000,86.000000,48.000000
24,3.460637,4.065002,4.834144,5.680699,2.336852,-80.943714,-134.792991,645.000000,548.000000,457.000000,374.000000,198.000000,82.000000,50.000000
