LEAD TIME,MEAN ERROR All data,MEAN ERROR >= 0.14442 [Pr = 0.1],MEAN ERROR >= 0.56634 [Pr = 0.25],MEAN ERROR >= 2.84018 [Pr = 0.5],MEAN ERROR >= 9.31907 [Pr = 0.75],MEAN ERROR >= 26.83021 [Pr = 0.9],MEAN ERROR >= 51.79873 [Pr = 0.95],SAMPLE SIZE All data,SAMPLE SIZE >= 0.14442 [Pr = 0.1],SAMPLE SIZE >= 0.56634 [Pr = 0.25],SAMPLE SIZE >= 2.84018 [Pr = 0.5],SAMPLE SIZE >= 9.31907 [Pr = 0.75],SAMPLE SIZE >= 26.83021 [Pr = 0.9],SAMPLE SIZE >= 51.79873 [Pr = 0.95]
6,-1.177197,-1.399905,-1.678235,-2.038585,-4.461507,-8.835029,-24.664616,634.000000,535.000000,449.000000,369.000000,196.000000,85.000000,48.000000
12,-2.534984,-2.990250,-3.595898,-4.455773,-8.063492,-19.279799,-33.154919,634.000000,539.000000,451.000000,369.000000,197.000000,82.000000,50.000000
18,-5.217964,-6.164816,-7.380468,-9.267350,-17.074622,-42.380201,-66.624798,634.000000,537.000000,450.000000,366.000000,198.000000,78.000000,51.000000
24,-2.228562,-2.650202,-3.151780,-4.031475,-7.807330,-22.833241,-38.030227,634.000000,534.000000,452.000000,366.000000,190.000000,80.000000,49.000000
