LEAD HOUR,MEAN ERROR All data,MEAN ERROR >= 0.12799 [Pr = 0.1],MEAN ERROR >= 0.9203 [Pr = 0.25],MEAN ERROR >= 6.22121 [Pr = 0.5],MEAN ERROR >= 34.94865 [Pr = 0.75],MEAN ERROR >= 117.79469 [Pr = 0.9],MEAN ERROR >= 220.84026 [Pr = 0.95],SAMPLE SIZE All data,SAMPLE SIZE >= 0.12799 [Pr = 0.1],SAMPLE SIZE >= 0.9203 [Pr = 0.25],SAMPLE SIZE >= 6.22121 [Pr = 0.5],SAMPLE SIZE >= 34.94865 [Pr = 0.75],SAMPLE SIZE >= 117.79469 [Pr = 0.9],SAMPLE SIZE >= 220.84026 [Pr = 0.95]
6,-16.262701,-17.782316,-22.476204,-29.171239,-40.403599,-72.559490,-101.057183,634.000000,580.000000,461.000000,357.000000,260.000000,146.000000,97.000000
12,-15.041903,-16.510804,-20.655064,-27.287473,-36.705234,-66.023427,-90.604536,634.000000,578.000000,465.000000,355.000000,263.000000,142.000000,97.000000
18,-15.162677,-16.673189,-20.988611,-27.581249,-38.188889,-72.742395,-94.977679,634.000000,577.000000,463.000000,356.000000,263.000000,141.000000,98.000000
24,-18.003272,-19.864144,-25.004673,-33.000155,-44.895364,-95.172651,-134.234037,634.000000,575.000000,461.000000,356.000000,261.000000,141.000000,95.000000
