LEAD HOUR,MEAN ERROR All data,MEAN ERROR >= 13.61474 [Pr = 0.1],MEAN ERROR >= 33.22132 [Pr = 0.25],MEAN ERROR >= 77.75806 [Pr = 0.5],MEAN ERROR >= 202.88455 [Pr = 0.75],MEAN ERROR >= 583.81976 [Pr = 0.9],MEAN ERROR >= 1001.23557 [Pr = 0.95],SAMPLE SIZE All data,SAMPLE SIZE >= 13.61474 [Pr = 0.1],SAMPLE SIZE >= 33.22132 [Pr = 0.25],SAMPLE SIZE >= 77.75806 [Pr = 0.5],SAMPLE SIZE >= 202.88455 [Pr = 0.75],SAMPLE SIZE >= 583.81976 [Pr = 0.9],SAMPLE SIZE >= 1001.23557 [Pr = 0.95]
6,27.416307,27.416307,28.808987,35.812421,48.797238,63.545851,85.080018,634.000000,634.000000,600.000000,471.000000,325.000000,232.000000,178.000000
12,-16.000910,-16.000910,-17.436101,-23.770535,-28.697336,-40.786799,-61.066595,634.000000,634.000000,597.000000,483.000000,322.000000,231.000000,172.000000
18,-15.543146,-15.543146,-16.930287,-21.554559,-30.555378,-43.633437,-69.917347,634.000000,634.000000,596.000000,491.000000,301.000000,231.000000,175.000000
24,-7.619459,-7.619459,-8.195883,-10.373530,-26.224389,-41.833146,-58.344240,634.000000,634.000000,598.000000,484.000000,306.000000,232.000000,179.000000
