LEAD HOUR,MEAN ERROR All data,MEAN ERROR >= 0.36529 [Pr = 0.1],MEAN ERROR >= 0.80137 [Pr = 0.25],MEAN ERROR >= 1.74149 [Pr = 0.5],MEAN ERROR >= 5.05456 [Pr = 0.75],MEAN ERROR >= 12.3603 [Pr = 0.9],MEAN ERROR >= 23.8173 [Pr = 0.95],SAMPLE SIZE All data,SAMPLE SIZE >= 0.36529 [Pr = 0.1],SAMPLE SIZE >= 0.80137 [Pr = 0.25],SAMPLE SIZE >= 1.74149 [Pr = 0.5],SAMPLE SIZE >= 5.05456 [Pr = 0.75],SAMPLE SIZE >= 12.3603 [Pr = 0.9],SAMPLE SIZE >= 23.8173 [Pr = 0.95]
6,1.362411,1.362411,1.392738,1.781165,2.489459,5.311696,6.899579,634.000000,634.000000,620.000000,486.000000,343.000000,159.000000,93.000000
12,2.219696,2.219696,2.251339,2.891273,4.102418,7.795502,10.152776,634.000000,634.000000,625.000000,488.000000,344.000000,163.000000,96.000000
18,2.103835,2.103835,2.146888,2.768535,3.889796,5.299413,9.969858,634.000000,634.000000,621.000000,482.000000,339.000000,163.000000,99.000000
24,1.742967,1.742967,1.775732,2.280620,3.219780,1.066691,2.120947,634.000000,634.000000,622.000000,482.000000,338.000000,159.000000,99.000000
