LEAD HOUR,MEAN ERROR All data,MEAN ERROR >= 0.14442 [Pr = 0.1],MEAN ERROR >= 0.56634 [Pr = 0.25],MEAN ERROR >= 2.84018 [Pr = 0.5],MEAN ERROR >= 9.31907 [Pr = 0.75],MEAN ERROR >= 26.83021 [Pr = 0.9],MEAN ERROR >= 51.79873 [Pr = 0.95],SAMPLE SIZE All data,SAMPLE SIZE >= 0.14442 [Pr = 0.1],SAMPLE SIZE >= 0.56634 [Pr = 0.25],SAMPLE SIZE >= 2.84018 [Pr = 0.5],SAMPLE SIZE >= 9.31907 [Pr = 0.75],SAMPLE SIZE >= 26.83021 [Pr = 0.9],SAMPLE SIZE >= 51.79873 [Pr = 0.95]
6,0.129437,0.145852,0.130864,-0.022285,-7.024033,-67.903117,-160.442417,645.000000,543.000000,455.000000,374.000000,198.000000,85.000000,48.000000
12,0.068463,0.073074,0.050335,-0.147343,-6.753736,-65.718756,-156.937342,645.000000,548.000000,457.000000,374.000000,199.000000,83.000000,50.000000
18,-0.261860,-0.317424,-0.418652,-0.722722,-9.637350,-82.303836,-188.322284,645.000000,545.000000,456.000000,371.000000,200.000000,79.000000,52.000000
24,-0.000748,-0.010796,-0.046219,-0.238759,-8.363597,-93.142559,-169.604333,645.000000,543.000000,458.000000,371.000000,194.000000,82.000000,50.000000
