LEAD HOUR,BIAS FRACTION All data,COEFFICIENT OF DETERMINATION All data,PEARSON CORRELATION COEFFICIENT All data,MEAN ABSOLUTE ERROR All data,MEAN ERROR All data,ROOT MEAN SQUARE ERROR All data,SAMPLE SIZE All data,MEAN SQUARE ERROR MAIN All data
3,∞,NA,NA,0.130000,0.130000,0.155113,5.000000,0.024060
4,∞,NA,NA,0.201000,0.201000,0.322040,10.000000,0.103710
5,∞,NA,NA,0.253636,0.253636,0.381063,11.000000,0.145209
6,∞,NA,NA,0.237500,0.237500,0.340453,12.000000,0.115908
7,∞,NA,NA,0.310833,0.310833,0.456536,12.000000,0.208425
8,∞,NA,NA,0.529000,0.529000,0.940505,10.000000,0.884550
12,∞,NA,NA,0.292222,0.292222,0.428343,9.000000,0.183478
