LEAD HOUR,MEAN ERROR All data,MEAN ERROR >= 0.09345 [Pr = 0.1],MEAN ERROR >= 0.51395 [Pr = 0.25],MEAN ERROR >= 2.70143 [Pr = 0.5],MEAN ERROR >= 9.13501 [Pr = 0.75],MEAN ERROR >= 26.37714 [Pr = 0.9],MEAN ERROR >= 50.7285 [Pr = 0.95],SAMPLE SIZE All data,SAMPLE SIZE >= 0.09345 [Pr = 0.1],SAMPLE SIZE >= 0.51395 [Pr = 0.25],SAMPLE SIZE >= 2.70143 [Pr = 0.5],SAMPLE SIZE >= 9.13501 [Pr = 0.75],SAMPLE SIZE >= 26.37714 [Pr = 0.9],SAMPLE SIZE >= 50.7285 [Pr = 0.95]
6,-1.179054,-1.323181,-1.652679,-2.021042,-4.401443,-8.835029,-24.664616,633.000000,566.000000,456.000000,373.000000,199.000000,85.000000,48.000000
12,-2.538986,-2.847019,-3.557103,-4.420990,-7.978319,-17.808879,-32.957118,633.000000,566.000000,456.000000,372.000000,199.000000,84.000000,51.000000
18,-5.226203,-5.827112,-7.315497,-9.170874,-16.847678,-40.933063,-66.624798,633.000000,568.000000,454.000000,370.000000,201.000000,81.000000,51.000000
24,-2.232241,-2.507618,-3.125024,-3.979402,-7.553572,-22.514228,-36.902674,633.000000,564.000000,456.000000,371.000000,198.000000,82.000000,50.000000
