LEAD HOUR,MEAN ERROR All data,SAMPLE SIZE All data
6,0.863015,58.000000
12,0.931079,106.000000
18,1.080725,80.000000
24,-0.445731,42.000000
30,0.741008,57.000000
36,1.011247,105.000000
42,1.289589,80.000000
48,-0.532164,42.000000
