locationId, pr1, pr2, pr3, pr4, pr5, pr6
GLOO2, 0.09345, 0.51253, 2.6986, 9.13501, 26.36582, 50.72057
ANTO2, 0.15008, 0.95428, 6.34864, 35.49092, 118.66401, 222.16804
ARCT2, 13.98569, 33.69563, 78.12618, 204.01439, 585.99336, 1002.59308
BLUO2, 0.37378, 0.81269, 1.75564, 5.07296, 12.38862, 23.93
